,Mean,Standard Deviation
Page Saccade Length,49.34467039908972,32.26543616607399
Page Absolute Saccade Angles,-1.1383591806295852,104.95041873789296
Page Relative Saccade Angles,126.31512602666002,51.769761055055376
