,Mean,Standard Deviation
Page Saccade Length,37.76893785466367,31.77220069863734
Page Absolute Saccade Angles,-5.076226892447459,98.97882531767021
Page Relative Saccade Angles,112.74780929075911,60.394695913670226
