Overall page average time,AOI 1 average time,AOI 2 average time,AOI 3 average time,AOI 4 average time,AOI 5 average time,AOI 6 average time,Not AOI average time
30721.737552389513,5571.222222222223,10514.643859650481,16981.21587301578,27900.470786516587,37777.378947369674,49472.82678571503,31661.73470873845
