,Mean,Standard Deviation
Page Saccade Length,40.19936727550107,28.57397093147219
Page Absolute Saccade Angles,1.6811977095617388,97.55920288815882
Page Relative Saccade Angles,112.79720760669208,52.13762654049158
