,Mean,Standard Deviation
Page Saccade Length,46.04787957082794,29.91189240481894
Page Absolute Saccade Angles,10.60230385329106,103.85262124582653
Page Relative Saccade Angles,105.26240305244878,51.97958448393503
