,Mean,Standard Deviation
Page Saccade Length,93.50106348225961,61.06799301464381
Page Absolute Saccade Angles,-5.565144898477624,107.12451213039756
Page Relative Saccade Angles,104.41667732016494,54.65835681628089
