,Mean,Standard Deviation
Page Saccade Length,52.77253891870135,54.7085567356573
Page Absolute Saccade Angles,-12.23313448062794,94.8148690797614
Page Relative Saccade Angles,136.25780527522488,58.120681029227065
