,Mean,Standard Deviation
AOI1 Saccade Length,69.9845744941614,6.965094849203213
AOI1 Absolute Saccade Angles,-93.54331291826362,115.03968772341315
AOI1 Relative Saccade Angles,0.0,0.0
