,Mean,Standard Deviation
Page Saccade Length,35.124308206231305,26.97037296400785
Page Absolute Saccade Angles,6.74280292185624,98.7490861622654
Page Relative Saccade Angles,112.81454687439833,59.046079619254535
