,Mean,Standard Deviation
Page Saccade Length,212.0352326930248,215.59079456517105
Page Absolute Saccade Angles,6.281254364057716,96.53638046522808
Page Relative Saccade Angles,141.2416025287785,53.63771633899495
