,Mean,Standard Deviation
Page Saccade Length,89.17163617382901,67.16418792583681
Page Absolute Saccade Angles,-3.657073721783509,107.29600704056514
Page Relative Saccade Angles,120.8458119812669,54.13127286186378
