,Mean,Standard Deviation
Page Saccade Length,37.98977139280945,29.240768799241334
Page Absolute Saccade Angles,-1.2852813255913624,99.41580334866886
Page Relative Saccade Angles,126.13805534082883,55.036300526489214
