,Mean,Standard Deviation
Page Saccade Length,70.63312001542165,85.96522860240327
Page Absolute Saccade Angles,-0.12809347164605145,100.62444093892175
Page Relative Saccade Angles,141.7695963482961,54.28504169071455
