,Mean,Standard Deviation
AOI1 Saccade Length,23.55941778068762,25.092590010842677
AOI1 Absolute Saccade Angles,-126.32146642022906,9.325730126295479
AOI1 Relative Saccade Angles,0.0,0.0
