,Mean,Standard Deviation
AOI5 Saccade Length,110.2310875090401,100.1630310675941
AOI5 Absolute Saccade Angles,133.76011749692503,62.44481004586544
AOI5 Relative Saccade Angles,0.0,0.0
