,Mean,Standard Deviation
Page Saccade Length,35.6070294321444,37.54467846966774
Page Absolute Saccade Angles,-2.5779365633236107,102.68807646776429
Page Relative Saccade Angles,135.28153765731227,55.86490162072406
