,Mean,Standard Deviation
Page Saccade Length,37.681939461341074,24.071828325214835
Page Absolute Saccade Angles,-1.000614333894677,99.16724835157544
Page Relative Saccade Angles,111.3385740228745,54.50027176518186
