,Mean,Standard Deviation
Page Saccade Length,41.844988320286156,26.19159309877379
Page Absolute Saccade Angles,-1.8900071637393903,94.91094675882658
Page Relative Saccade Angles,110.41509297640081,60.79471807207092
