,Mean,Standard Deviation
Page Saccade Length,32.30158990646045,33.22752269617728
Page Absolute Saccade Angles,-6.635293850841414,101.81531825848562
Page Relative Saccade Angles,132.22658968353107,59.12541043635845
