,Mean,Standard Deviation
Page Saccade Length,42.434947535693965,33.31556202913334
Page Absolute Saccade Angles,5.595190080831876,97.62174538154052
Page Relative Saccade Angles,112.25727801392934,61.55619460872705
