,Mean,Standard Deviation
Page Saccade Length,38.69664464873494,40.47256681207253
Page Absolute Saccade Angles,-0.8093534380245251,103.12972221174002
Page Relative Saccade Angles,149.16144113286285,45.4791014590336
