,Mean,Standard Deviation
Page Saccade Length,35.91769845154231,28.19336198265263
Page Absolute Saccade Angles,-0.939309102229558,98.11860747450818
Page Relative Saccade Angles,112.86564321856709,62.16048133974207
