,Mean,Standard Deviation
Page Saccade Length,41.411682956175575,32.848649150430404
Page Absolute Saccade Angles,3.813495430215157,97.58595527312721
Page Relative Saccade Angles,146.18652329678275,47.94057855320192
