,Mean,Standard Deviation
Page Saccade Length,48.3193014334146,35.43956547950487
Page Absolute Saccade Angles,2.7070032874344063,109.73478743918007
Page Relative Saccade Angles,106.90920888788219,55.43834255381768
