,Mean,Standard Deviation
AOI3 Saccade Length,46.91660505639457,45.12682814331384
AOI3 Absolute Saccade Angles,82.31782999079282,87.1345092554259
AOI3 Relative Saccade Angles,0.0,0.0
