,Mean,Standard Deviation
Page Saccade Length,53.89477639660299,35.898592940196586
Page Absolute Saccade Angles,3.7341394747093366,99.57054358600618
Page Relative Saccade Angles,122.78415084082957,53.007569498845015
