Overall page average time,AOI 1 average time,AOI 2 average time,AOI 3 average time,AOI 4 average time,AOI 5 average time,AOI 6 average time,Not AOI average time
42197.63678160968,41904.444444445,44106.68281250034,40160.61206896586,44793.64545454576,37658.65813953529,46616.9368421056,42115.29521857967
