,Mean,Standard Deviation
Page Saccade Length,53.72789437776682,33.2313507663127
Page Absolute Saccade Angles,-1.3027201670695459,104.16116836029114
Page Relative Saccade Angles,122.71510358738306,52.34420169800546
