,Mean,Standard Deviation
Page Saccade Length,56.93298311721822,37.299789351274946
Page Absolute Saccade Angles,5.707128363570188,103.93706655694969
Page Relative Saccade Angles,122.78568974912709,52.71352139768651
