,Mean,Standard Deviation
Page Saccade Length,72.54336923955053,39.40367709416216
Page Absolute Saccade Angles,-3.524181366320697,103.65023981711325
Page Relative Saccade Angles,103.47851628681556,51.40758386335631
