,Mean,Standard Deviation
Page Saccade Length,35.44670577006104,33.15448849045663
Page Absolute Saccade Angles,7.608050550521264,93.69905484018423
Page Relative Saccade Angles,145.83842920080673,45.88878702956673
