,Mean,Standard Deviation
Page Saccade Length,42.52732089751663,36.793488851729784
Page Absolute Saccade Angles,-1.762380225924479,98.01450607806376
Page Relative Saccade Angles,135.05518685896197,50.97045307736618
