Overall page average time,AOI 1 average time,AOI 2 average time,AOI 3 average time,AOI 4 average time,AOI 5 average time,AOI 6 average time,Not AOI average time
15872.252360520743,25553.488888896172,19682.133333340287,14688.168085110949,12580.634146347278,17089.84000000528,17551.83333333892,15780.77390476769
