,Mean,Standard Deviation
Page Saccade Length,52.14969967877983,34.09020591028212
Page Absolute Saccade Angles,7.722887097538706,105.40749816925617
Page Relative Saccade Angles,123.35348129018966,53.657332883165864
