,Mean,Standard Deviation
Page Saccade Length,34.168086872138915,30.914305040113643
Page Absolute Saccade Angles,-6.681129086971279,97.72806443653214
Page Relative Saccade Angles,123.46112538601888,58.591396564971056
