Overall page average time,AOI 1 average time,AOI 2 average time,AOI 3 average time,AOI 4 average time,AOI 5 average time,AOI 6 average time,Not AOI average time
24209.702448579974,10953.062500001863,13367.379069767372,17517.25322580602,22483.227142856802,29295.66133333365,33325.68648648786,24899.636908078137
