,Mean,Standard Deviation
Page Saccade Length,51.132767081078484,35.20624865916275
Page Absolute Saccade Angles,5.180385324571274,100.05357849245433
Page Relative Saccade Angles,130.4709860871734,52.073371779134476
