,Mean,Standard Deviation
Page Saccade Length,40.407994027822625,27.662153609376922
Page Absolute Saccade Angles,10.545695200315901,96.06069516066817
Page Relative Saccade Angles,108.81927668918297,58.8147996640976
