,Mean,Standard Deviation
Page Saccade Length,95.90006710797826,86.76530462831349
Page Absolute Saccade Angles,8.321620185215881,95.35843115464066
Page Relative Saccade Angles,139.369896990038,57.42083964513978
