,Mean,Standard Deviation
AOI1 Saccade Length,95.05103242033373,106.49825889187913
AOI1 Absolute Saccade Angles,-40.51104098011964,194.53477497333824
AOI1 Relative Saccade Angles,0.0,0.0
