,Mean,Standard Deviation
Page Saccade Length,35.19071302507462,28.15804130435336
Page Absolute Saccade Angles,10.111593841290576,96.28224728744061
Page Relative Saccade Angles,118.29352427716553,60.9404631427864
