,Mean,Standard Deviation
Page Saccade Length,31.861210159197412,20.421511970181918
Page Absolute Saccade Angles,0.8174094821613612,99.69583197604685
Page Relative Saccade Angles,110.84704252076035,56.81305072114705
