,Mean,Standard Deviation
Page Saccade Length,43.050780428886924,35.652392455454965
Page Absolute Saccade Angles,9.406363170751554,98.25657893133257
Page Relative Saccade Angles,128.2400669806737,52.44609037310643
