,Mean,Standard Deviation
Page Saccade Length,59.81290893924571,36.18467158604261
Page Absolute Saccade Angles,-2.8710234450171814,104.30231227208658
Page Relative Saccade Angles,105.30471174174612,52.295650620983444
