,Mean,Standard Deviation
Page Saccade Length,32.92842104177119,31.533898260409156
Page Absolute Saccade Angles,6.022271833602479,100.35474261980302
Page Relative Saccade Angles,132.86621773007627,54.72692766872005
