,Mean,Standard Deviation
Page Saccade Length,103.02596036522667,102.9247999969087
Page Absolute Saccade Angles,-2.0885388332820165,96.23649640702392
Page Relative Saccade Angles,141.96949631826072,52.55317981704029
