,Mean,Standard Deviation
Page Saccade Length,34.040130373532406,23.706124395133003
Page Absolute Saccade Angles,11.801153740728747,103.72596955881852
Page Relative Saccade Angles,115.70081787907692,50.72428072259044
