,Mean,Standard Deviation
Page Saccade Length,71.47897892040722,60.44644112004051
Page Absolute Saccade Angles,-7.187376087068198,93.64006288014396
Page Relative Saccade Angles,144.03162488460654,52.144747784290544
