,Mean,Standard Deviation
Page Saccade Length,67.08034052126442,46.87342900164873
Page Absolute Saccade Angles,-5.2415565010204075,104.92250256107887
Page Relative Saccade Angles,125.2341102450351,53.732884686229774
