,Mean,Standard Deviation
Page Saccade Length,47.20783768378037,34.966925045552635
Page Absolute Saccade Angles,-2.2763378770698726,100.84318232616431
Page Relative Saccade Angles,131.86889693159014,53.46300651549939
