,Mean,Standard Deviation
Page Saccade Length,72.08161847988333,74.47338301224381
Page Absolute Saccade Angles,-1.6928685169663416,96.17620484722102
Page Relative Saccade Angles,141.97588365277826,56.38596789749837
