,Mean,Standard Deviation
AOI4 Saccade Length,117.41363085432117,106.17656253882613
AOI4 Absolute Saccade Angles,-47.63457453715731,184.14609805244328
AOI4 Relative Saccade Angles,0.0,0.0
