,Mean,Standard Deviation
Page Saccade Length,43.21022446497205,36.61229733928659
Page Absolute Saccade Angles,-5.24765639656731,97.83297940024839
Page Relative Saccade Angles,127.83413989566526,59.719341923446464
