,Mean,Standard Deviation
Page Saccade Length,83.98718962591964,59.53709515105071
Page Absolute Saccade Angles,-8.551458458334219,105.93144890122203
Page Relative Saccade Angles,114.5539343854913,54.84171815850819
