,Mean,Standard Deviation
Page Saccade Length,36.01287437632946,24.31877019591136
Page Absolute Saccade Angles,5.820068976548238,97.9198788158124
Page Relative Saccade Angles,115.2258216552389,58.33529760655408
