,Mean,Standard Deviation
Page Saccade Length,42.5733120281649,47.8097716688018
Page Absolute Saccade Angles,-1.1950980967404965,101.75431310710955
Page Relative Saccade Angles,133.7156235112092,55.54868608586513
