Overall page average time,AOI 1 average time,AOI 2 average time,AOI 3 average time,AOI 4 average time,AOI 5 average time,AOI 6 average time,Not AOI average time
10381.712499993702,6577.166666646798,9976.5,11492.944444437822,10586.599999991331,12863.166666656733,9841.619999992847,10327.385714279753
