,Mean,Standard Deviation
Page Saccade Length,75.63710828389448,66.8640429616597
Page Absolute Saccade Angles,5.9450743082075945,94.48662572639468
Page Relative Saccade Angles,131.39318679703166,55.18212732780108
