,Mean,Standard Deviation
AOI1 Saccade Length,98.54324765840454,45.35449179709072
AOI1 Absolute Saccade Angles,97.62167713909767,113.45220839713805
AOI1 Relative Saccade Angles,0.0,0.0
