,Mean,Standard Deviation
Page Saccade Length,50.15479022734057,34.7068503061082
Page Absolute Saccade Angles,2.1520719096524896,103.02694746807595
Page Relative Saccade Angles,131.4262937498569,52.242734107209195
