,Mean,Standard Deviation
Page Saccade Length,35.60910582037274,33.95883169222269
Page Absolute Saccade Angles,-9.125078352407193,95.9933729516068
Page Relative Saccade Angles,131.88942109940734,56.86589077492164
