,Mean,Standard Deviation
Page Saccade Length,35.01779853224247,28.3744298674019
Page Absolute Saccade Angles,-0.5548555044985404,99.87633375336432
Page Relative Saccade Angles,109.75396050527519,57.648071521652014
