,Mean,Standard Deviation
Page Saccade Length,43.73067784092377,26.537731748450213
Page Absolute Saccade Angles,-2.1081617884279145,103.34603348739063
Page Relative Saccade Angles,115.03121019123878,53.66649748627555
