,Mean,Standard Deviation
Page Saccade Length,14.326305041503458,22.48455101654996
Page Absolute Saccade Angles,6.5622549405638635,106.30845456326766
Page Relative Saccade Angles,127.06392749239411,60.04322204993432
