,Mean,Standard Deviation
Page Saccade Length,55.44659961124652,39.1761822036193
Page Absolute Saccade Angles,23.22720762995267,122.67051255785603
Page Relative Saccade Angles,104.34131771584242,53.38293524881559
