,Mean,Standard Deviation
AOI4 Saccade Length,26.001630299017002,27.59768527539291
AOI4 Absolute Saccade Angles,-1.368782950825235,232.28290554796325
AOI4 Relative Saccade Angles,0.0,0.0
