,Mean,Standard Deviation
Page Saccade Length,42.800633707819806,43.57071881939732
Page Absolute Saccade Angles,5.951023763267853,107.70283266730551
Page Relative Saccade Angles,145.04048654279217,48.779209692296526
