,Mean,Standard Deviation
Page Saccade Length,37.816233725975465,31.17579965404103
Page Absolute Saccade Angles,-2.236239382374213,97.0885846100591
Page Relative Saccade Angles,148.83785008529495,45.563523905085205
