,Mean,Standard Deviation
Page Saccade Length,97.1553393814114,79.05490035894724
Page Absolute Saccade Angles,-12.886376457905985,100.01672264660297
Page Relative Saccade Angles,132.96801387066296,50.59421369727709
