,Mean,Standard Deviation
AOI4 Saccade Length,43.03221949430564,37.90951405261904
AOI4 Absolute Saccade Angles,-49.312413881769736,151.80857563640842
AOI4 Relative Saccade Angles,0.0,0.0
