,Mean,Standard Deviation
Page Saccade Length,31.82272585003012,21.10269472447317
Page Absolute Saccade Angles,4.729424241956482,100.03502776684608
Page Relative Saccade Angles,115.25002443182814,55.807760660568846
