,Mean,Standard Deviation
Page Saccade Length,97.17226383807846,98.93528286875501
Page Absolute Saccade Angles,-6.525041711091833,97.03862188300714
Page Relative Saccade Angles,142.35739848761492,52.81335031822976
