,Mean,Standard Deviation
Page Saccade Length,97.71828280988083,58.686341502165256
Page Absolute Saccade Angles,-0.8677888469333972,111.70134869064327
Page Relative Saccade Angles,95.70270307642433,54.08818454283861
