,Mean,Standard Deviation
Page Saccade Length,92.54118614749363,69.34585476199365
Page Absolute Saccade Angles,-13.301319647325613,106.10217158149415
Page Relative Saccade Angles,112.08370400740623,54.312875547258244
