,Mean,Standard Deviation
Page Saccade Length,78.75435329654981,97.60782534852609
Page Absolute Saccade Angles,2.1654820044579934,97.24378209807921
Page Relative Saccade Angles,146.1888436229326,51.94500311747226
