,Mean,Standard Deviation
Page Saccade Length,34.71096271011664,26.941814630618058
Page Absolute Saccade Angles,-2.153422491825965,97.93164196942689
Page Relative Saccade Angles,111.25787908515936,61.23675685609029
