,Mean,Standard Deviation
Page Saccade Length,46.40972829708319,33.00485642300792
Page Absolute Saccade Angles,6.835635279699464,102.2418127466159
Page Relative Saccade Angles,128.2583917922136,52.45855252145437
