,Mean,Standard Deviation
AOI1 Saccade Length,61.608307433363734,30.17800284107303
AOI1 Absolute Saccade Angles,-33.61757684038379,206.75534812158233
AOI1 Relative Saccade Angles,0.0,0.0
