,Mean,Standard Deviation
Page Saccade Length,99.49840336461145,100.30189303213116
Page Absolute Saccade Angles,-0.7238659609330278,93.92038045326969
Page Relative Saccade Angles,139.0387461091757,56.605782486056995
