,Mean,Standard Deviation
Page Saccade Length,239.77890888927345,290.2516290406813
Page Absolute Saccade Angles,17.99514018476164,95.09575666374475
Page Relative Saccade Angles,136.4202235867936,57.02070949477244
