,Mean,Standard Deviation
Page Saccade Length,43.191093225738264,31.858106129372203
Page Absolute Saccade Angles,13.822190330753735,100.60396329645356
Page Relative Saccade Angles,138.69758751228517,52.228559303736866
