,Mean,Standard Deviation
Page Saccade Length,32.734033659482286,30.709770146956707
Page Absolute Saccade Angles,-3.352483981550573,104.66469272266413
Page Relative Saccade Angles,138.9326346448441,53.13055095415274
