,Mean,Standard Deviation
Page Saccade Length,81.44753868703332,92.02267128356792
Page Absolute Saccade Angles,-7.473092592679453,100.59025568389882
Page Relative Saccade Angles,141.76991381889184,52.308345475422755
