,Mean,Standard Deviation
Page Saccade Length,38.351268450628545,30.35683409824453
Page Absolute Saccade Angles,-1.0904797710599161,96.96018825898136
Page Relative Saccade Angles,128.04605014079704,55.76280658238169
