,Mean,Standard Deviation
Page Saccade Length,32.82521415583672,29.093740233864878
Page Absolute Saccade Angles,12.154592691902186,102.04447066271946
Page Relative Saccade Angles,138.2190959223919,52.58517741624973
