,Mean,Standard Deviation
Page Saccade Length,52.08681222791289,32.01151594767529
Page Absolute Saccade Angles,3.000144662033723,104.10391845559208
Page Relative Saccade Angles,116.70941739415143,52.69406932363583
