,Mean,Standard Deviation
Page Saccade Length,78.15308816526345,54.309144441013146
Page Absolute Saccade Angles,-7.040857564082804,106.4167425478462
Page Relative Saccade Angles,120.27639689958772,53.286865131062065
