,Mean,Standard Deviation
Page Saccade Length,41.57492912599946,35.80301936505382
Page Absolute Saccade Angles,15.76789078906234,97.26104063166551
Page Relative Saccade Angles,139.34254921653127,50.51576336121386
