,Mean,Standard Deviation
Page Saccade Length,41.913796339666085,32.22224348342931
Page Absolute Saccade Angles,-0.46934067509192373,97.356571586122
Page Relative Saccade Angles,117.59015162348679,61.04028485834477
