,Mean,Standard Deviation
Page Saccade Length,37.88161122128382,29.06516958937183
Page Absolute Saccade Angles,10.436649249773787,96.72978992308333
Page Relative Saccade Angles,140.74672706647115,49.89029024344662
