,Mean,Standard Deviation
Page Saccade Length,42.704341704122925,33.73291862747153
Page Absolute Saccade Angles,0.4511658595536194,100.19799448965469
Page Relative Saccade Angles,128.15502126224538,55.23574183343632
