Overall page average time,AOI 1 average time,AOI 2 average time,AOI 3 average time,AOI 4 average time,AOI 5 average time,AOI 6 average time,Not AOI average time
17398.181578947988,5051.833333333333,7693.020833334575,15949.534285714797,17126.46507936716,27051.423255815756,26638.07499999553,17157.115611814686
