,Mean,Standard Deviation
Page Saccade Length,38.478364574752725,24.872178436743727
Page Absolute Saccade Angles,3.719848644584575,99.39830590458413
Page Relative Saccade Angles,107.48893130693003,57.23941148294283
