,Mean,Standard Deviation
AOI1 Saccade Length,39.655931972965796,25.643395218100185
AOI1 Absolute Saccade Angles,3.347513295946925,228.94247657244628
AOI1 Relative Saccade Angles,0.0,0.0
