,Mean,Standard Deviation
Page Saccade Length,53.764449069400605,32.497359487236025
Page Absolute Saccade Angles,0.05016417792990066,106.3223829891195
Page Relative Saccade Angles,113.30355115053052,54.18234383840978
