,Mean,Standard Deviation
Page Saccade Length,39.98062893725586,28.044606114633602
Page Absolute Saccade Angles,3.001421263912919,97.91554295919525
Page Relative Saccade Angles,109.08571926152543,56.66443342746148
