,Mean,Standard Deviation
AOI1 Saccade Length,47.0650209133815,30.981165963838112
AOI1 Absolute Saccade Angles,168.08349411777192,8.903620645831266
AOI1 Relative Saccade Angles,0.0,0.0
