,Mean,Standard Deviation
Page Saccade Length,56.35961148508313,37.6495738383834
Page Absolute Saccade Angles,10.16088776639178,104.37361793109166
Page Relative Saccade Angles,124.08820781196188,53.11284545163327
