,Mean,Standard Deviation
Page Saccade Length,246.1562127069413,162.46585492360327
Page Absolute Saccade Angles,-11.742142381333132,96.90895852217167
Page Relative Saccade Angles,131.83200299306046,54.42131571685356
