,Mean,Standard Deviation
AOI1 Saccade Length,137.69214532923874,115.2698251244554
AOI1 Absolute Saccade Angles,-74.81799169486035,119.29321994071309
AOI1 Relative Saccade Angles,0.0,0.0
