,Mean,Standard Deviation
Page Saccade Length,42.05912812968483,37.86867602483893
Page Absolute Saccade Angles,8.36585256357928,98.22034060817273
Page Relative Saccade Angles,128.9050664632774,53.013528288801155
