,Mean,Standard Deviation
Page Saccade Length,66.25443434918891,76.45329727460262
Page Absolute Saccade Angles,2.389086952218936,96.39055838346563
Page Relative Saccade Angles,139.05780772177465,53.918227968955534
