,Mean,Standard Deviation
Page Saccade Length,26.49465811100061,25.03477335326724
Page Absolute Saccade Angles,1.1801643098391554,96.05360779214834
Page Relative Saccade Angles,132.69747658521013,57.30892853370386
