,Mean,Standard Deviation
Page Saccade Length,94.06032054532079,65.0310552031756
Page Absolute Saccade Angles,-5.462851834881935,107.62601402030576
Page Relative Saccade Angles,98.11459119292923,52.69905293713745
