,Mean,Standard Deviation
Page Saccade Length,60.84840066197371,38.61231416747997
Page Absolute Saccade Angles,1.5320443792425107,98.8989163861549
Page Relative Saccade Angles,115.56814627904943,54.572004357444406
