,Mean,Standard Deviation
Page Saccade Length,80.79991262724448,61.8306668807715
Page Absolute Saccade Angles,17.62207697903541,93.22586639822855
Page Relative Saccade Angles,144.8443365465642,51.74389337054292
