,Mean,Standard Deviation
Page Saccade Length,34.1046217933738,32.14929306963333
Page Absolute Saccade Angles,0.5712554627536879,96.55428475994182
Page Relative Saccade Angles,133.02567965897614,55.12536114411437
