,Mean,Standard Deviation
Page Saccade Length,163.74888799562854,160.4674063361684
Page Absolute Saccade Angles,0.6128712699472623,98.79456112529009
Page Relative Saccade Angles,140.6306330735634,52.8911158149223
