,Mean,Standard Deviation
Page Saccade Length,61.81550627599887,40.52196045497725
Page Absolute Saccade Angles,2.4359158943625747,105.37083274228999
Page Relative Saccade Angles,123.22055107904383,51.27781051405033
