,Mean,Standard Deviation
Page Saccade Length,44.29371165334214,35.05366382003991
Page Absolute Saccade Angles,1.580415657574849,100.20490163158696
Page Relative Saccade Angles,140.82754314126407,49.37643239337911
