Overall page average time,AOI 1 average time,AOI 2 average time,AOI 3 average time,AOI 4 average time,AOI 5 average time,AOI 6 average time,Not AOI average time
10211.617226878385,8019.068749986589,7535.7874999940395,6715.918749986216,10163.719999982914,11477.819047607127,14165.58124998957,10505.355362306644
