,Mean,Standard Deviation
Page Saccade Length,38.14705001377573,29.45179947829383
Page Absolute Saccade Angles,-4.428046968166618,101.41127482420717
Page Relative Saccade Angles,125.07961162014551,55.185763535812455
