,Mean,Standard Deviation
Page Saccade Length,51.966215260314804,40.638442861160776
Page Absolute Saccade Angles,5.981768272327223,102.11366057800002
Page Relative Saccade Angles,122.96756437707708,52.280657453965944
