,Mean,Standard Deviation
Page Saccade Length,38.524911781103135,27.69630769079715
Page Absolute Saccade Angles,-1.729947001484937,99.73141894490229
Page Relative Saccade Angles,112.6589988698123,57.925096033800926
