,Mean,Standard Deviation
Page Saccade Length,40.709107113445086,32.94663640843267
Page Absolute Saccade Angles,-12.536223507681218,94.52864088591132
Page Relative Saccade Angles,146.08544026840494,46.70158864385839
