,Mean,Standard Deviation
Page Saccade Length,50.78891595120941,36.35302989341018
Page Absolute Saccade Angles,6.163796850986384,100.22195141742097
Page Relative Saccade Angles,131.96345928491064,53.631601801590236
