,Mean,Standard Deviation
Page Saccade Length,48.183045665592985,36.859586336093635
Page Absolute Saccade Angles,1.8889950504008572,100.67158186748374
Page Relative Saccade Angles,111.70174053807962,53.59433786776939
