,Mean,Standard Deviation
AOI5 Saccade Length,22.687078063908455,11.806392249415225
AOI5 Absolute Saccade Angles,-71.03604228802327,107.38483739892447
AOI5 Relative Saccade Angles,0.0,0.0
