,Mean,Standard Deviation
AOI1 Saccade Length,307.06343548432216,322.5279802592088
AOI1 Absolute Saccade Angles,74.65567354295226,144.6785411128707
AOI1 Relative Saccade Angles,0.0,0.0
