,Mean,Standard Deviation
Page Saccade Length,42.556797479031836,33.94763401466251
Page Absolute Saccade Angles,7.747236934751982,100.75321902691897
Page Relative Saccade Angles,133.81659287850684,52.154043829881395
