,Mean,Standard Deviation
Page Saccade Length,39.45843594897518,26.68069099321219
Page Absolute Saccade Angles,-13.10137971608517,100.60007806994066
Page Relative Saccade Angles,133.77060853373507,50.30711807239303
