,Mean,Standard Deviation
Page Saccade Length,51.25355271806424,32.46263757541593
Page Absolute Saccade Angles,0.6495411315869185,104.11314991288857
Page Relative Saccade Angles,103.01489008803982,51.96185323409651
