,Mean,Standard Deviation
AOI1 Saccade Length,21.887511064020508,9.386826467102225
AOI1 Absolute Saccade Angles,15.223683810862962,109.45718421246126
AOI1 Relative Saccade Angles,0.0,0.0
