,Mean,Standard Deviation
Page Saccade Length,36.93315091541902,25.451660197989295
Page Absolute Saccade Angles,7.086425378162819,97.41964082942316
Page Relative Saccade Angles,107.09351162529545,63.390909425038025
