,Mean,Standard Deviation
Page Saccade Length,39.695934591802136,27.23709254908749
Page Absolute Saccade Angles,-1.765868076850166,99.10332378905508
Page Relative Saccade Angles,109.64744164327216,56.340674209733315
