,Mean,Standard Deviation
AOI1 Saccade Length,192.14541803061041,75.33967438916352
AOI1 Absolute Saccade Angles,-72.42227726430093,142.5615705823986
AOI1 Relative Saccade Angles,0.0,0.0
