,Mean,Standard Deviation
Page Saccade Length,53.01782559026191,35.25373812420981
Page Absolute Saccade Angles,4.985195195455067,99.960578596326
Page Relative Saccade Angles,118.9229458783923,53.49677572336792
