,Mean,Standard Deviation
Page Saccade Length,121.29936353926063,98.54919513227505
Page Absolute Saccade Angles,3.7653525664213907,97.05143884582697
Page Relative Saccade Angles,140.67118202586744,53.3064824544583
