,Mean,Standard Deviation
Page Saccade Length,55.2881701105972,40.76823946831052
Page Absolute Saccade Angles,-3.734030496527089,109.17103320572255
Page Relative Saccade Angles,121.68465220811969,53.597890269408396
