,Mean,Standard Deviation
Page Saccade Length,40.269060095974794,25.191980918325523
Page Absolute Saccade Angles,10.90299845278862,98.80886864663728
Page Relative Saccade Angles,107.82570425958937,55.0821918933258
