,Mean,Standard Deviation
Page Saccade Length,118.34315545896166,105.5029652963454
Page Absolute Saccade Angles,-0.38433619957159376,92.26424194146159
Page Relative Saccade Angles,141.83348870149294,56.36451139022003
