,Mean,Standard Deviation
Page Saccade Length,38.08093213568166,33.76342823547104
Page Absolute Saccade Angles,-3.1887817149004403,91.45195855710426
Page Relative Saccade Angles,140.77551569695885,54.35500889254331
