,Mean,Standard Deviation
Page Saccade Length,43.03732953431031,36.8818548440159
Page Absolute Saccade Angles,3.3414867122876593,100.10020533268712
Page Relative Saccade Angles,125.87917600207247,56.72725602516649
