,Mean,Standard Deviation
Page Saccade Length,68.63479189506846,49.402177563744424
Page Absolute Saccade Angles,10.513763332416183,103.32279178796095
Page Relative Saccade Angles,128.79329517757355,50.71150470193341
