,Mean,Standard Deviation
Page Saccade Length,52.13915288167521,36.25853278899214
Page Absolute Saccade Angles,-3.805789754619317,99.70707166943589
Page Relative Saccade Angles,117.72621469463009,55.59987940646249
