,Mean,Standard Deviation
Page Saccade Length,42.383203927529316,33.154258906260154
Page Absolute Saccade Angles,5.742724932814189,100.85550710628733
Page Relative Saccade Angles,127.99570635230542,54.599887874824674
