,Mean,Standard Deviation
Page Saccade Length,45.97254031956621,46.24419068550128
Page Absolute Saccade Angles,-1.2502472927430326,97.01281812749079
Page Relative Saccade Angles,110.03761523398748,61.88877730103316
