Overall page average time,AOI 1 average time,AOI 2 average time,AOI 3 average time,AOI 4 average time,AOI 5 average time,AOI 6 average time,Not AOI average time
19355.333830850486,17028.040000009536,17850.834782609472,10547.336666671436,11412.1355932264,21420.852941179975,24162.77192982927,20045.770984460756
