,Mean,Standard Deviation
Page Saccade Length,24.66122377374286,24.409288409188225
Page Absolute Saccade Angles,7.194023130414027,98.03580341370281
Page Relative Saccade Angles,130.37414059859424,57.69452220372893
