,Mean,Standard Deviation
Page Saccade Length,38.178130290012845,25.713405957772988
Page Absolute Saccade Angles,0.5220252241964968,98.58972416660065
Page Relative Saccade Angles,118.2941763494522,57.96841419684893
