,Mean,Standard Deviation
Page Saccade Length,34.22890975817093,23.153138981802886
Page Absolute Saccade Angles,-1.0649682450983886,98.91907215884284
Page Relative Saccade Angles,108.20420724881139,59.49285329776912
