,Mean,Standard Deviation
Page Saccade Length,45.218997845159876,41.66027766541979
Page Absolute Saccade Angles,-8.721984872709527,100.30437768344753
Page Relative Saccade Angles,117.75551978385379,59.69478752576402
