,Mean,Standard Deviation
Page Saccade Length,41.669530500954316,36.434932561471975
Page Absolute Saccade Angles,-7.0922203684988085,98.07492520686145
Page Relative Saccade Angles,130.5377187300865,53.72724780574716
