,Mean,Standard Deviation
Page Saccade Length,46.139124776776576,34.79637693268486
Page Absolute Saccade Angles,-3.3914007342319663,100.76032188759062
Page Relative Saccade Angles,130.85967108237702,52.532254864892764
