,Mean,Standard Deviation
AOI1 Saccade Length,66.55509981155167,87.21282120220972
AOI1 Absolute Saccade Angles,81.43005817763817,126.28058541619518
AOI1 Relative Saccade Angles,0.0,0.0
