,Mean,Standard Deviation
Page Saccade Length,80.16841473672748,106.02157781007048
Page Absolute Saccade Angles,-0.29346755444209666,94.18882352988524
Page Relative Saccade Angles,137.13653647317742,54.82902960840069
