,Mean,Standard Deviation
Page Saccade Length,24.35778245739853,35.33682861409922
Page Absolute Saccade Angles,11.143910311636143,101.0637647488078
Page Relative Saccade Angles,133.12364533402783,54.57965682218012
