,Mean,Standard Deviation
Page Saccade Length,36.298532183911256,26.332411543292753
Page Absolute Saccade Angles,-6.402003756935583,103.30530567025016
Page Relative Saccade Angles,130.8387470315376,52.99265979130096
