,Mean,Standard Deviation
Page Saccade Length,56.77247529779404,36.21367458149498
Page Absolute Saccade Angles,4.67506720406973,101.84713758895029
Page Relative Saccade Angles,128.5002398722448,50.69077717064097
