,Mean,Standard Deviation
Page Saccade Length,42.64353002446363,27.46352976290483
Page Absolute Saccade Angles,3.1178162513311105,104.93505713944045
Page Relative Saccade Angles,102.40777476054646,52.99585111789672
