,Mean,Standard Deviation
Page Saccade Length,42.142849830676894,30.125187461942556
Page Absolute Saccade Angles,7.7623239376523685,101.30513032514962
Page Relative Saccade Angles,134.69614573362597,55.193169149472126
