,Mean,Standard Deviation
Page Saccade Length,47.69605855023472,34.27347843003325
Page Absolute Saccade Angles,9.93931436227236,101.91397844875631
Page Relative Saccade Angles,125.70144423412317,52.830062061703885
