,Mean,Standard Deviation
Page Saccade Length,44.54672124650564,37.75206462364843
Page Absolute Saccade Angles,10.670229293395405,102.09846425228383
Page Relative Saccade Angles,132.97424552821636,52.66845389207369
