,Mean,Standard Deviation
Page Saccade Length,54.69429927333157,35.45308914141915
Page Absolute Saccade Angles,8.20830995852459,100.39671054339452
Page Relative Saccade Angles,128.2956775535315,52.05565963190699
