Overall page average time,AOI 1 average time,AOI 2 average time,AOI 3 average time,AOI 4 average time,AOI 5 average time,AOI 6 average time,Not AOI average time
9297.747881378662,6046.942857163293,11329.540000021458,5974.593333359559,10031.450000017881,10962.552941196105,11079.706250030547,9287.470481950117
