,Mean,Standard Deviation
Page Saccade Length,65.41658598031015,71.42426818877583
Page Absolute Saccade Angles,2.0899692987752565,95.90560294789915
Page Relative Saccade Angles,142.10713699619862,49.296379666519165
