,Mean,Standard Deviation
Page Saccade Length,52.04002225458534,31.966915784598243
Page Absolute Saccade Angles,-0.613707499501893,99.49424365146312
Page Relative Saccade Angles,132.15872604337005,50.67153846393661
