,Mean,Standard Deviation
Page Saccade Length,30.99814694439693,37.97817028997006
Page Absolute Saccade Angles,-3.6433977074397927,96.94232604420775
Page Relative Saccade Angles,140.5543085949186,52.14654790122935
