,Mean,Standard Deviation
Page Saccade Length,46.89639005880834,30.82737870800556
Page Absolute Saccade Angles,-0.3599055905926501,103.86279334167678
Page Relative Saccade Angles,124.50784957960356,52.85093448691524
