Overall page average time,AOI 1 average time,AOI 2 average time,AOI 3 average time,AOI 4 average time,AOI 5 average time,AOI 6 average time,Not AOI average time
10640.302236440082,4856.485714302176,9409.221428585905,7558.966666678588,13673.205555578073,13316.827272756533,12417.913333352406,10887.98711112923
