,Mean,Standard Deviation
Page Saccade Length,41.93243018233162,50.46527488791843
Page Absolute Saccade Angles,-1.090016649617541,95.62884104856272
Page Relative Saccade Angles,140.4138418017271,53.16728714496499
