,Mean,Standard Deviation
Page Saccade Length,36.962547285326806,31.576804469232126
Page Absolute Saccade Angles,9.271167650803411,99.06624714184498
Page Relative Saccade Angles,116.13143226662102,59.36857508439008
