,Mean,Standard Deviation
Page Saccade Length,81.18101559319601,54.36482042968939
Page Absolute Saccade Angles,-8.040316906000958,105.23118106598235
Page Relative Saccade Angles,127.90039919489003,50.3742199216605
