,Mean,Standard Deviation
Page Saccade Length,41.963538601333596,25.786433138130292
Page Absolute Saccade Angles,2.9809151741460673,99.29971564131878
Page Relative Saccade Angles,107.40689252813519,53.74721106796977
