,Mean,Standard Deviation
Page Saccade Length,33.91290265023219,31.30731220737796
Page Absolute Saccade Angles,5.850540521413319,95.83275076783738
Page Relative Saccade Angles,117.10305555596999,61.59398956398792
