,Mean,Standard Deviation
Page Saccade Length,53.1620541112067,35.591162366998205
Page Absolute Saccade Angles,0.7346377791736658,101.72110021189657
Page Relative Saccade Angles,118.71676686880606,52.59470054246902
