,Mean,Standard Deviation
Page Saccade Length,45.40602046143264,30.578874456602158
Page Absolute Saccade Angles,-0.5363343418566654,100.31497073866805
Page Relative Saccade Angles,124.74359261298355,54.16199944842632
