,Mean,Standard Deviation
Page Saccade Length,37.5151352405156,31.961913812997132
Page Absolute Saccade Angles,10.3808217188743,97.80863103161165
Page Relative Saccade Angles,128.16451262990608,57.65658985573616
