,Mean,Standard Deviation
Page Saccade Length,44.31312469697557,35.54842850495531
Page Absolute Saccade Angles,3.0898232672031614,100.14271072592913
Page Relative Saccade Angles,144.7054468559421,46.30788105716597
