,Mean,Standard Deviation
Page Saccade Length,34.17386199268754,22.748861307181915
Page Absolute Saccade Angles,3.073360237301237,99.03257135613788
Page Relative Saccade Angles,113.9265603429117,57.69241014009758
