,Mean,Standard Deviation
Page Saccade Length,50.84121483433596,33.1303865495524
Page Absolute Saccade Angles,10.598199051733909,102.99408913660089
Page Relative Saccade Angles,119.02473605394047,55.73665404949571
