,Mean,Standard Deviation
Page Saccade Length,48.97857670338329,44.159157351771626
Page Absolute Saccade Angles,1.7293817520592847,102.41383680630766
Page Relative Saccade Angles,136.4074071192936,50.65393659079576
