,Mean,Standard Deviation
Page Saccade Length,51.13354871923663,31.303853168826915
Page Absolute Saccade Angles,-7.930318560540156,109.43931072443424
Page Relative Saccade Angles,100.3021338234279,50.642826928709546
