,Mean,Standard Deviation
Page Saccade Length,42.86617823177563,31.77076393523609
Page Absolute Saccade Angles,-2.1278588955402604,99.42372851642602
Page Relative Saccade Angles,140.86262228684652,52.34843860320245
