,Mean,Standard Deviation
AOI2 Saccade Length,133.59534499073277,25.283747230711345
AOI2 Absolute Saccade Angles,-87.43591757367022,110.79535753288546
AOI2 Relative Saccade Angles,0.0,0.0
