,Mean,Standard Deviation
Page Saccade Length,37.83418311064314,32.42475097934074
Page Absolute Saccade Angles,3.239410400858898,99.76976652775556
Page Relative Saccade Angles,131.54444776147605,51.670688842121976
