,Mean,Standard Deviation
Page Saccade Length,51.77269392479974,32.41202925836197
Page Absolute Saccade Angles,-0.1664321897189246,99.60622843797154
Page Relative Saccade Angles,116.29167929751222,52.31211588755473
