,Mean,Standard Deviation
Page Saccade Length,81.48220228896196,84.22265131685664
Page Absolute Saccade Angles,4.333674880641757,97.42568249620722
Page Relative Saccade Angles,141.226990882439,51.70252627120139
