,Mean,Standard Deviation
Page Saccade Length,47.47374768649284,33.30008224068123
Page Absolute Saccade Angles,-0.3105197311522318,99.48260463884854
Page Relative Saccade Angles,124.73140720309864,53.73577910202683
